<?xml version="1.0" encoding="UTF-8"?>
<beans xmlns="http://www.springframework.org/schema/beans"
	xmlns:context="http://www.springframework.org/schema/context" 
	xmlns:tx="http://www.springframework.org/schema/tx"
	xmlns:p="http://www.springframework.org/schema/p"
	xmlns:c="http://www.springframework.org/schema/c" 
	xmlns:xsi="http://www.w3.org/2001/XMLSchema-instance"
	xsi:schemaLocation="http://www.springframework.org/schema/beans
        http://www.springframework.org/schema/beans/spring-beans.xsd
        http://www.springframework.org/schema/context
        http://www.springframework.org/schema/context/spring-context.xsd
        http://www.springframework.org/schema/tx
        http://www.springframework.org/schema/tx/spring-tx.xsd">

	<context:component-scan base-package="beautyChu">
	  <context:exclude-filter type="regex" 
	       expression="beautyChu.control.*"/>
	</context:component-scan>

	<!-- Database 커넥션 풀 준비 -->
	<bean id="dataSource"
		class="org.springframework.jdbc.datasource.DriverManagerDataSource">
		<property name="driverClassName" value="com.mysql.jdbc.Driver" />
		<property name="url"
			value="jdbc:mysql://localhost:3306/studydb?useUnicode=true&amp;characterEncoding=utf8" />
		<property name="username" value="study" />
		<property name="password" value="study" />
	</bean>

	<!-- SqlSessionFactory 준비 -->
	<bean id="sqlSessionFactory" class="org.mybatis.spring.SqlSessionFactoryBean">
		<property name="dataSource" ref="dataSource" />
		<property name="mapperLocations" 
		          value="classpath*:beautyChu/dao/*Dao.xml" />
		<property name="typeAliasesPackage" 
		          value="beautyChu.domain" />
	</bean>

	<bean id="transactionManager"
		class="org.springframework.jdbc.datasource.DataSourceTransactionManager">
		<property name="dataSource" ref="dataSource" />
	</bean>
	
	<!-- @Transactional 애노테이션을 처리하는 역할
	  => @Transactional 애노테이션을 사용하려면 다음 태그를 추가해야 한다. 
	 -->
	<tx:annotation-driven transaction-manager="transactionManager" />
	
	<!-- DAO 클래스 자동 생성 설정하기 -->
	<bean class="org.mybatis.spring.mapper.MapperScannerConfigurer">
	  <!-- DAO를 위한 인터페이스가 선언된 패키지 지정 -->
	  <property name="basePackage" value="beautyChu.dao" />
	</bean>
</beans>
























