<?xml version="1.0" encoding="UTF-8"?>
<beans xmlns="http://www.springframework.org/schema/beans"
	xmlns:context="http://www.springframework.org/schema/context"
	xmlns:mvc="http://www.springframework.org/schema/mvc" xmlns:p="http://www.springframework.org/schema/p"
	xmlns:c="http://www.springframework.org/schema/c" xmlns:xsi="http://www.w3.org/2001/XMLSchema-instance"
	xsi:schemaLocation="http://www.springframework.org/schema/beans
        http://www.springframework.org/schema/beans/spring-beans.xsd
        http://www.springframework.org/schema/context
        http://www.springframework.org/schema/context/spring-context.xsd
        http://www.springframework.org/schema/mvc
        http://www.springframework.org/schema/mvc/spring-mvc.xsd">

	<context:component-scan base-package="beautyChu.control" />

	<!-- @RequestMapping과 @ExceptionHandler 등의 애노테이션을 처리할 객체를 등록한다. 이 선언이 있어야만 
		@RequestMapping 기능을 완전히 사용할 수 있다. =>주의! 엄격히 페이지 컨트롤러에 대해서는 @Controller를 사용하라! -->
	<mvc:annotation-driven />

	<!-- 멀티파트 형식의 데이터를 처리하고 싶다면, 다음 객체를 선언해야 한다. -->
	<bean id="multipartResolver"
		class="org.springframework.web.multipart.commons.CommonsMultipartResolver">
		<property name="maxUploadSize" value="10000000" />
	</bean>

	<!-- WEB-INF에 들어 있는 JSP를 실행해주는 해결사 등록 -->
	<!--  
	<bean id="jspViewResolver"
		class="org.springframework.web.servlet.view.InternalResourceViewResolver">
		<property name="viewClass"
			value="org.springframework.web.servlet.view.JstlView" />
		<property name="prefix" value="/WEB-INF/view/" />
		<property name="suffix" value=".jsp" />
	</bean>
  -->

  <bean class="org.springframework.web.servlet.view.ContentNegotiatingViewResolver">
    <property name="mediaTypes">
        <map>
            <entry key="atom" value="application/atom+xml"/>
            <entry key="html" value="text/html"/>
            <entry key="json" value="application/json"/>
        </map>
    </property>
    <property name="viewResolvers">
        <list>
            <bean class="org.springframework.web.servlet.view.BeanNameViewResolver"/>
            <bean class="org.springframework.web.servlet.view.InternalResourceViewResolver">
                <property name="prefix" value="/WEB-INF/view/"/>
                <property name="suffix" value=".jsp"/>
            </bean>
        </list>
    </property>
    <property name="defaultViews">
        <list>
            <bean class="org.springframework.web.servlet.view.json.MappingJackson2JsonView" />
        </list>
    </property>
	</bean>
</beans>
























